slug,category
news,
2014,
article,
articles,
story,
entertainment,e
business,b
,
blogs,
content,
technology,t
view,
world,b
dispatch,
blog,
feature,
News,
movies,e
health,m
sites,
video,
lifestyle,e
index.php,
investing,b
tech,t
markets,b
music,e
id,
stories,
opinion,
home,
showbiz,e
post,
tv,e
tvshowbiz,e
analysis,b
apps,t
usatoday,
money,b
life,e
business-news,b
philly,
en,
technology-22,t
n3,
science,t
companies,b
posts,
arts-entertainment,e
features,
archives,
mobile,
news-analysis,
celebrity-news,e
Business,b
celebrity,e
breaking-news,
finance,b
article2,
Entertainment,e
life-style,e
culture,e
general-news,
news-story,
local,
videos,
node,
rs,
sports,e
whatson-story,
arts-and-entertainment,e
viewart,
stock,b
tto,
report-on-business,b
sltrib,
politics,b
oarticle,
eng,
people,e
film,e
industries,b
contributed-news,
ap,
gadgets,t
moneybeat,b
entertainment-news,e
bwwtv,
national,
world-news,
Entertainment_News,e
3am,
groups,
new,
mobiles,
gaming,e
html,
thewire,b
cocoperez,
economy,b
sciencetech,t
ten,
s,
en-gb,
english,
breakingnews,
inquirer,
celebrities,e
comment,
scitech,t
arts,e
pop-culture,e
international,b
lifestyles,e
appnn,
publications,
latest-news,
Business_News,b
cheats,
page,
banking-finance,b
theplaylist,
us,
portal,
live-feed,
online,
reviews,
digital-life,
shared,
community,
detail,
Celeb-News,e
update,
travel,
exclusives,
topics,
fashion,e
p,
news-opinion,
games,e
section,
sanfrancisco,
pr,
Articles,
sci-tech,t
teneur,
tonight,
business-a-finance,b
Corporate+News,b
social-buzz,e
speakeasy,
leisure,e
thetell,
apple,t
the-bachelorette,e
event,
speedreads,
auckland,
Gossip,e
review,
nation,
bookmark,
policy,b
living,e
television,e
environment,
Article,
bwwmovies,
autos,t
digits,
showbiz-celeb-gossip,
latest,
v3-uk,
Movies,e
sanjose,
Companies,b
premium,
Big-Hollywood,e
internet,
stockstowatchtoday,b
analyst-ratings,b
item,
pr_news,
index.php\?param=news,
Tech,t
woman,
latestnews,
eco.-bus.%20news,
uk,
business-newswires,b
daily,
scene,
informationen,
usworld,
opinions,
columnists,
businessnews,b
biz,b
worldnews,
style,e
commentary,
techtraderdaily,t
what-s-on,e
Celebrities,e
latino,
casa_grande_dispatch,
Technology,t
edition,
wire,
main-topics,
pop-culture-news,e
newyork,
economics,b
hollywood,e
celebrity-gossip,e
bwwgeeks,t
read,
Science,t
latest%20headlines,
threads,
media,
events,
Top_News,
tmo,
southland-times,
artslife,e
cr,
fundamental,
kim-kardashian,e
science-27,t
techchron,t
usa,
industry,b
a-and-e,e
security,
b,
GMA,e
Health_News,m
US,
World,
game-of-thrones,e
news_articles,
Analyst+Comments,
index,
food,e
site,
whats-on,e
tech-gadgets,t
thecut,e
ustv,e
